{
  "cv_balanced_accuracy_mean": 0.6817232746117361,
  "cv_balanced_accuracy_std": 0.009659854055450156,
  "cv_balanced_accuracy_folds": [
    0.6816801844725895,
    0.675211765353294,
    0.6782696307441186,
    0.6732709448234033,
    0.700183847665275
  ]
}