{
  "balanced_accuracy": 0.7056141910937642,
  "macro_f1": 0.6997889281325399,
  "log_loss": 0.7000004210898192,
  "roc_auc_ovr": 0.9497980369771737
}