{
  "cv_balanced_accuracy_mean": 0.9531935307017543,
  "cv_balanced_accuracy_std": 0.0058029150187368424,
  "cv_balanced_accuracy_folds": [
    0.9450657894736842,
    0.9568530701754386,
    0.9516721491228071,
    0.950328947368421,
    0.9620476973684211
  ]
}