{
  "balanced_accuracy": 0.7067977484248831,
  "macro_f1": 0.7005994487644704,
  "log_loss": 0.7289828227431797,
  "roc_auc_ovr": 0.9599236032965184
}